"_time","Latitude 1664","Longitude 1664"
1778951292200,42.067697200000005,-84.24034964999998
1778951292400,42.067722775,-84.24034800000001
1778951292600,42.067749525,-84.240348025
1778951292800,42.067779449999996,-84.240345675
1778951293000,42.0678103,-84.240338075
1778951293200,42.06784534,-84.240322
1778951293400,42.06787546666666,-84.24030113333333
1778951293600,42.0679015,-84.24027949999999
1778951293800,42.067934125,-84.2402553
1778951294000,42.067968675,-84.24023414999999
1778951294200,42.068005400000004,-84.24021615
1778951294400,42.068044,-84.24020075
1778951294600,42.068084725,-84.24018914999999
1778951294800,42.068127950000004,-84.24018115
1778951295000,42.068171925,-84.2401739
1778951295200,42.06821705,-84.2401656
1778951295400,42.068263575,-84.24015589999999
1778951295600,42.068310874999995,-84.240143475
1778951295800,42.068365060000005,-84.24012666
1778951296000,42.06841965,-84.24010614999999
1778951296200,42.0684617,-84.24008806666666
1778951296400,42.0685048,-84.24006962499999
1778951296600,42.068561079999995,-84.24004496
1778951296800,42.068610899999996,-84.2400225
1778951297000,42.06865117500001,-84.24000307499999
1778951297200,42.068694300000004,-84.23998292499999
1778951297400,42.068734125,-84.23996432499999
1778951297600,42.06877125,-84.23994699999999
1778951297800,42.068806625,-84.23993107499999
1778951298000,42.0688401,-84.239917375
1778951298200,42.0688717,-84.239908225
1778951298400,42.06890145,-84.239903075
1778951298600,42.068929775,-84.2398972
1778951298800,42.0689561,-84.23988827499998
1778951299000,42.068979299999995,-84.23987464999999
1778951299200,42.069000025,-84.23985945
1778951299400,42.069020175,-84.23984672499999
1778951299600,42.0690424,-84.23983974999999
1778951299800,42.06906405,-84.239838525
1778951300000,42.069085825,-84.239842275
1778951300200,42.069108275,-84.23984665
1778951300400,42.0691303,-84.2398458
1778951300600,42.06915095,-84.23983969999999
1778951300800,42.069170525000004,-84.23982867499998
1778951301000,42.0691887,-84.239814075
1778951301200,42.069207549999994,-84.23980449999999
1778951301400,42.06922795,-84.23980155
1778951301600,42.0692483,-84.239804575
1778951301800,42.069269125,-84.239809525
1778951302000,42.06929255,-84.239810175
1778951302200,42.0693171,-84.239806725
1778951302400,42.069342475,-84.23979704999999
1778951302600,42.069369275,-84.23978335
1778951302800,42.069398774999996,-84.23976855
1778951303000,42.069430475000004,-84.239753175
1778951303200,42.069463125,-84.23973895
1778951303400,42.069493,-84.23972814999999
1778951303600,42.069520575,-84.239722175
1778951303800,42.0695471,-84.239722575
1778951304000,42.069571225000004,-84.23972957499998
1778951304200,42.06959475,-84.239741975
1778951304400,42.069618425,-84.2397594
1778951304600,42.06964275,-84.2397764
1778951304800,42.069667225,-84.239787325
1778951305000,42.06969145,-84.239791975
1778951305200,42.069714425,-84.23979027499999
1778951305400,42.069736750000004,-84.2397821
1778951305600,42.06975845,-84.23976827499999
1778951305800,42.069778725,-84.23974965
1778951306000,42.069799675,-84.23972967499999
1778951306200,42.0698234,-84.23971557499999
1778951306400,42.0698503,-84.23970631999998
1778951306600,42.06987443333333,-84.23970443333333
1778951306800,42.069895974999994,-84.23970764999999
1778951307000,42.069920275,-84.23971695
1778951307200,42.06994748,-84.23973286
1778951307400,42.06997366666667,-84.23974913333333
1778951307600,42.069999025,-84.239762075
1778951307800,42.07003005,-84.23977355
1778951308000,42.0700635,-84.23978059999999
1778951308200,42.070096774999996,-84.23978547499999
1778951308400,42.07013086,-84.2397872
1778951308600,42.070158299999996,-84.23978566666666
1778951308800,42.070180075,-84.23978025
1778951309000,42.070203525,-84.23976859999999
1778951309200,42.070224775,-84.23975537499999
1778951309400,42.070242,-84.23973645
1778951309600,42.070255925,-84.23971315
1778951309800,42.07026665,-84.239686025
1778951310000,42.070272474999996,-84.23965692499999
1778951310200,42.0702732,-84.239625875
1778951310400,42.070269725,-84.23959472499999
1778951310600,42.070262175,-84.23956634999999
1778951310800,42.0702489,-84.239540525
1778951311000,42.07023165,-84.23951787499999
1778951311200,42.070212749999996,-84.239495975
1778951311400,42.0701945,-84.239471375
1778951311600,42.070179849999995,-84.2394429
1778951311800,42.070168825,-84.23941124999999
1778951312000,42.070161875000004,-84.239376025
1778951312200,42.07015687500001,-84.2393396
1778951312400,42.07014885,-84.239304275
1778951312600,42.070136399999996,-84.23927177499999
1778951312800,42.070119375000004,-84.23924295
1778951313000,42.070099275000004,-84.239216675
1778951313200,42.070077999999995,-84.23918979999999
1778951313400,42.070058875,-84.23915922500001
1778951313600,42.07004395,-84.23912502499999
1778951313800,42.070033124999995,-84.2390876
1778951314000,42.070025625,-84.23904754999998
1778951314200,42.070015825,-84.239007775
1778951314400,42.0700017,-84.23897085
1778951314600,42.0699839,-84.23893635
1778951314800,42.069962649999994,-84.238904475
1778951315000,42.069939,-84.2388747
1778951315200,42.0699173,-84.23884195
1778951315400,42.069898975,-84.238805925
1778951315600,42.0698845,-84.23876715
1778951315800,42.06987255,-84.23872557499999
1778951316000,42.0698637,-84.23868195
1778951316200,42.069857625000004,-84.23864265
1778951316400,42.069850425,-84.2386076
1778951316600,42.069839599999995,-84.23857597499999
1778951316800,42.069825175,-84.23854872499999
1778951317000,42.069807850000004,-84.23852415
1778951317200,42.069785280000005,-84.23849917999999
1778951317400,42.0697655,-84.23848086666666
1778951317600,42.069750875,-84.23846537499999
1778951317800,42.069738525000005,-84.23844522499999
1778951318000,42.069730324999995,-84.2384229
1778951318200,42.069727525000005,-84.238400325
1778951318400,42.0697292,-84.238377625
1778951318600,42.069734575,-84.238355075
1778951318800,42.069744025,-84.23833224999998
1778951319000,42.0697569,-84.2383084
1778951319200,42.0697721,-84.238283325
1778951319400,42.069787399999996,-84.238257525
1778951319600,42.069798025,-84.23823069999999
1778951319800,42.069804075,-84.238203425
1778951320000,42.0698065,-84.2381753
1778951320200,42.069805675,-84.23814519999999
1778951320400,42.0698017,-84.23811484999999
1778951320600,42.0697975,-84.238083025
1778951320800,42.0697963,-84.23804969999999
1778951321000,42.069798750000004,-84.2380154
1778951321200,42.0698043,-84.23797995
1778951321400,42.069812600000006,-84.23794257499999
1778951321600,42.0698201,-84.237902975
1778951321800,42.069824175,-84.23786132499998
1778951322000,42.069824525,-84.23781925
1778951322200,42.06982105,-84.237776775
1778951322400,42.069814175,-84.237732775
1778951322600,42.06980746,-84.23768147999999
1778951322800,42.069801525,-84.2376285
1778951323000,42.06979593333333,-84.23758636666666
1778951323200,42.069790125,-84.237543
1778951323400,42.0697842,-84.23749237499999
1778951323600,42.0697798,-84.23744479999999
1778951323800,42.069778475,-84.23740129999999
1778951324000,42.069780699999995,-84.23736137499999
1778951324200,42.069785875,-84.23732565
1778951324400,42.069791425,-84.237293725
1778951324600,42.069795375,-84.23726442499999
1778951324800,42.0697968,-84.2372373
1778951325000,42.0697947,-84.237212125
1778951325200,42.069788325,-84.237190375
1778951325400,42.069778150000005,-84.2371723
1778951325600,42.0697639,-84.237159075
1778951325800,42.0697466,-84.2371486
1778951326000,42.06972715,-84.23714254999999
1778951326200,42.069704675000004,-84.2371378
1778951326400,42.069678175,-84.2371382
1778951326600,42.06964742000001,-84.23714299999999
1778951326800,42.069619233333334,-84.23715076666666
1778951327000,42.069594475,-84.23715867499999
1778951327200,42.069567025,-84.237165525
1778951327400,42.069542075,-84.2371685
1778951327600,42.069518925000004,-84.23716675
1778951327800,42.06949428,-84.23715891999998
1778951328000,42.06947443333334,-84.23714639999999
1778951328200,42.069459625,-84.2371292
1778951328400,42.069444579999995,-84.23710366
1778951328600,42.069433275,-84.237073725
1778951328800,42.0694279,-84.2370485
1778951329000,42.069426175000004,-84.237022025
1778951329200,42.069428025,-84.236991675
1778951329400,42.069433925,-84.23696257499999
1778951329600,42.069443225,-84.23693589999999
1778951329800,42.06945655,-84.2369136
1778951330000,42.0694726,-84.236897625
1778951330200,42.0694901,-84.23688817499999
1778951330400,42.069507275,-84.23688472500001
1778951330600,42.069526425,-84.23688560000001
1778951330800,42.06954487499999,-84.236892425
1778951331000,42.069563175000006,-84.23690359999999
1778951331200,42.06958584,-84.23692386
1778951331400,42.06960656666667,-84.23694426666667
1778951331600,42.06962555,-84.2369605
1778951331800,42.0696475,-84.2369727
1778951332000,42.06967276,-84.23697938000001
1778951332200,42.06969466666666,-84.23697903333333
1778951332400,42.069714475,-84.236973275
1778951332600,42.069733725,-84.2369607
1778951332800,42.0697481,-84.236941175
1778951333000,42.069758424999996,-84.236919225
1778951333200,42.0697665,-84.23689769999999
1778951333400,42.069770075,-84.23687475
1778951333600,42.069769050000005,-84.23685105
1778951333800,42.069769475,-84.23682819999999
1778951334000,42.069771375,-84.23680345
1778951334200,42.069773975,-84.2367764
1778951334400,42.069778559999996,-84.23674464
1778951334600,42.069781733333336,-84.2367168
1778951334800,42.069782200000006,-84.23669275
1778951335000,42.069780275,-84.23666659999999
1778951335200,42.069775525000004,-84.236641675
1778951335400,42.069768075,-84.236619725
1778951335600,42.06975292,-84.23660236
1778951335800,42.069735449999996,-84.2365907
1778951336000,42.069720266666664,-84.23658643333333
1778951336200,42.069706075,-84.23658654999998
1778951336400,42.069689374999996,-84.23659087499999
1778951336600,42.0696714,-84.23659925
1778951336800,42.0696515,-84.236612275
1778951337000,42.069627679999996,-84.23662946
1778951337200,42.069601825,-84.236644775
1778951337400,42.069581,-84.23665249999999
1778951337600,42.069559575,-84.23665667499999
1778951337800,42.0695366,-84.236664075
1778951338000,42.0695137,-84.23667922
1778951338200,42.06949716666667,-84.23669786666666
1778951338400,42.069485175,-84.23671722499999
1778951338600,42.069468875,-84.23673852499999
1778951338800,42.069448425,-84.236756325
1778951339000,42.069425475,-84.236772875
1778951339200,42.069399275,-84.236788025
1778951339400,42.06936535999999,-84.23679972
1778951339600,42.06932715,-84.23680627499999
1778951339800,42.0692917,-84.236810775
1778951340000,42.069259100000004,-84.2368145
1778951340200,42.069226099999995,-84.23681814999999
1778951340400,42.0691868,-84.23682265
1778951340600,42.069146225,-84.236828575
1778951340800,42.06909892,-84.23683806
1778951341000,42.069050275,-84.23684947499999
1778951341200,42.06901216666667,-84.23685986666668
1778951341400,42.06897365,-84.236871925
1778951341600,42.068928400000004,-84.23688595
1778951341800,42.0688763,-84.23690203999999
1778951342000,42.0688308,-84.23691646666666
1778951342200,42.06879365,-84.23692922499998
1778951342400,42.0687543,-84.23694295
1778951342600,42.068718149999995,-84.236958625
1778951342800,42.068685124999995,-84.23697859999999
1778951343000,42.068654725,-84.23700219999999
1778951343200,42.06862372,-84.23703371999999
1778951343400,42.06859816666667,-84.2370672
1778951343600,42.068577325,-84.23709914999999
1778951343800,42.068554199999994,-84.237135275
1778951344000,42.068531899999996,-84.2371661
1778951344200,42.068508125,-84.23719112500001
1778951344400,42.0684837,-84.2372108
1778951344600,42.06845812500001,-84.23722517499999
1778951344800,42.068431000000004,-84.237233525
1778951345000,42.068402375,-84.2372365
1778951345200,42.06837205000001,-84.237235925
1778951345400,42.068340175,-84.23722992500001
1778951345600,42.06830715,-84.23721995
1778951345800,42.0682733,-84.23720644999999
1778951346000,42.068237975,-84.23719009999999
1778951346200,42.068202975,-84.23717322499999
1778951346400,42.068170475,-84.237158775
1778951346600,42.068137019999995,-84.2371447
1778951346800,42.068109566666664,-84.23713416666665
1778951347000,42.068087125,-84.23712835
1778951347200,42.068062375000004,-84.23712797499999
1778951347400,42.06803895,-84.237135175
1778951347600,42.068017025,-84.2371473
1778951347800,42.067995975,-84.237165525
1778951348000,42.06797725,-84.23718857499999
1778951348200,42.0679584,-84.23721617499999
1778951348400,42.067937725,-84.237244925
1778951348600,42.06791077999999,-84.23727492
1778951348800,42.06788553333333,-84.2372998
1778951349000,42.0678642,-84.23732257500001
1778951349200,42.067842125,-84.237352625
1778951349400,42.067821499999994,-84.23739022
1778951349600,42.06780345,-84.23743085
1778951349800,42.0677906,-84.23746346666665
1778951350000,42.067776275,-84.23749484999999
1778951350200,42.067758049999995,-84.237526975
1778951350400,42.067736675,-84.2375546
1778951350600,42.067712424999996,-84.23757699999999
1778951350800,42.067688000000004,-84.23759349999999
1778951351000,42.067660825,-84.2376028
1778951351200,42.0676308,-84.237605925
1778951351400,42.067600125,-84.237603475
1778951351600,42.067568225,-84.23759475
1778951351800,42.06753505,-84.23758245
1778951352000,42.06750055,-84.2375669
1778951352200,42.067465975,-84.23754914999999
1778951352400,42.067430175000005,-84.23753012499999
1778951352600,42.067393075,-84.23750942499998
1778951352800,42.067354550000005,-84.237487675
1778951353000,42.06731495,-84.237465825
1778951353200,42.067276575,-84.2374456
1778951353400,42.0672416,-84.23742845
1778951353600,42.06720582,-84.23741152
1778951353800,42.06717325,-84.23739552499998
1778951354000,42.06714665,-84.23738089999999
1778951354200,42.06712493333333,-84.23736889999999
1778951354400,42.06710365,-84.23735964999999
1778951354600,42.067080024999996,-84.237354
1778951354800,42.067057875,-84.2373549
1778951355000,42.067036650000006,-84.23736202500001
1778951355200,42.0670131,-84.2373762
1778951355400,42.0669949,-84.237395625
1778951355600,42.066984133333335,-84.23741496666666
1778951355800,42.066974175,-84.2374369
1778951356000,42.06696452,-84.23746947999999
1778951356200,42.066952549999996,-84.23750545
1778951356400,42.066941066666665,-84.23753086666666
1778951356600,42.06692795,-84.237554925
1778951356800,42.0669105,-84.237581525
1778951357000,42.066896175,-84.237611525
1778951357200,42.0668854,-84.23764355
1778951357400,42.066878975,-84.237677375
1778951357600,42.066876825,-84.23770682499999
1778951357800,42.066876824999994,-84.23773632499999
1778951358000,42.06687435,-84.23776389999999
1778951358200,42.06686615,-84.23778904999999
1778951358400,42.066856200000004,-84.237812275
1778951358600,42.066841275,-84.237828775
1778951358800,42.0668235,-84.237840375
1778951359000,42.06680457499999,-84.237848075
1778951359200,42.066783575,-84.2378526
1778951359400,42.066761675,-84.2378508
1778951359600,42.0667395,-84.23784325
1778951359800,42.066717374999996,-84.23782999999999
1778951360000,42.066696150000006,-84.237813775
1778951360200,42.0666762,-84.2377952
1778951360400,42.066655100000006,-84.237772225
1778951360600,42.066632025000004,-84.237743725
1778951360800,42.066608325,-84.2377123
1778951361000,42.066584375,-84.237680075
1778951361200,42.066561625,-84.23765245
1778951361400,42.066539775,-84.23762802499999
1778951361600,42.066518925,-84.23760647499999
1778951361800,42.066498374999995,-84.2375878
1778951362000,42.066477299999995,-84.23757189999999
1778951362200,42.066456224999996,-84.23756
1778951362400,42.06643336,-84.23755403999999
1778951362600,42.0664092,-84.23755374999999
1778951362800,42.066391333333335,-84.23755776666667
1778951363000,42.066374325,-84.237565875
1778951363200,42.066355675,-84.237579125
1778951363400,42.066340000000004,-84.23760034
1778951363600,42.06632973333333,-84.23762386666665
1778951363800,42.06632269999999,-84.23764555
1778951364000,42.066315925,-84.237671975
1778951364200,42.06631005,-84.237702175
1778951364400,42.066304175,-84.237734825
1778951364600,42.066297475,-84.23776905
1778951364800,42.06629040000001,-84.2378026
1778951365000,42.06628245,-84.23783237499998
1778951365200,42.066271900000004,-84.23785807499999
1778951365400,42.066258274999996,-84.237879425
1778951365600,42.066241425,-84.2378955
1778951365800,42.066222849999996,-84.237906125
1778951366000,42.066202075,-84.237910625
1778951366200,42.066179025,-84.2379096
1778951366400,42.0661544,-84.2379021
1778951366600,42.066128625,-84.23789115000001
1778951366800,42.066101925,-84.23787485
1778951367000,42.066073724999995,-84.23785625
1778951367200,42.06603968,-84.23783374
1778951367400,42.066003574999996,-84.23781414999999
1778951367600,42.06597443333333,-84.2378027
1778951367800,42.06594295000001,-84.237795025
1778951368000,42.06590465,-84.237789975
1778951368200,42.06586059999999,-84.23779148000001
1778951368400,42.06582053333333,-84.23779789999999
1778951368600,42.0657849,-84.2378069
1778951368800,42.065743499999996,-84.237820125
1778951369000,42.06570215,-84.2378354
1778951369200,42.0656594,-84.23785055
1778951369400,42.065615325,-84.23786525
1778951369600,42.065570075,-84.237879625
1778951369800,42.065527,-84.23789394999999
1778951370000,42.065487425,-84.23790807499999
1778951370200,42.065450274999996,-84.23792147500001
1778951370400,42.0654149,-84.23793415
1778951370600,42.065377940000005,-84.23794664
1778951370800,42.0653477,-84.23795546666666
1778951371000,42.06531997999999,-84.2379625
1778951371200,42.06529423333333,-84.23797026666666
1778951371400,42.065273625,-84.23798079999999
1778951371600,42.065252300000004,-84.23799555
1778951371800,42.06523368,-84.23801712
1778951372000,42.065221799999996,-84.23803863333333
1778951372200,42.06521465,-84.23805772499999
1778951372400,42.06520497499999,-84.238079175
1778951372600,42.0651912,-84.238094525
1778951372800,42.06517206,-84.2381051
1778951373000,42.065155366666666,-84.23810996666666
1778951373200,42.065137324999995,-84.23811012499999
1778951373400,42.065115399999996,-84.23810627499999
1778951373600,42.065092,-84.2381001
1778951373800,42.0650677,-84.23809245
1778951374000,42.065045075,-84.23808869999999
1778951374200,42.065023575000005,-84.238090825
1778951374400,42.06500215999999,-84.23809989999998
1778951374600,42.06498305,-84.238115075
1778951374800,42.06497073333333,-84.23813076666666
1778951375000,42.064962875,-84.238150875
1778951375200,42.06495375,-84.23817872499998
1778951375400,42.064944100000005,-84.238208625
1778951375600,42.064933275,-84.238241175
1778951375800,42.0649215,-84.23827605
1778951376000,42.064906959999995,-84.23831874
1778951376200,42.0648937,-84.23835860000001
1778951376400,42.064883699999996,-84.238391175
1778951376600,42.064872699999995,-84.2384248
1778951376800,42.06486105,-84.23845374999999
1778951377000,42.06484725,-84.238478225
1778951377200,42.064830900000004,-84.23849764999999
1778951377400,42.064812700000004,-84.23850917499999
1778951377600,42.064795425,-84.238514275
1778951377800,42.06477927500001,-84.23851115000001
1778951378000,42.064763400000004,-84.238501025
1778951378200,42.0647517,-84.23848537500001
1778951378400,42.06474028,-84.23846282
1778951378600,42.0647307,-84.2384378
1778951378800,42.06472235,-84.2384124
1778951379000,42.06471445,-84.238380425
1778951379200,42.064708825,-84.238344675
1778951379400,42.064704524999996,-84.2383067
1778951379600,42.064701975,-84.2382722
1778951379800,42.06470005,-84.23824205
1778951380000,42.064696524999995,-84.2382155
1778951380200,42.06468984999999,-84.23819202499999
1778951380400,42.06467925,-84.238173525
1778951380600,42.0646649,-84.23816207499999
1778951380800,42.064650525,-84.2381556
1778951381000,42.064636875,-84.238157175
1778951381200,42.064622674999995,-84.238162175
1778951381400,42.064609299999994,-84.23817237499999
1778951381600,42.06459725,-84.23818845
1778951381800,42.064585725,-84.23820972499999
1778951382000,42.0645748,-84.23823517499999
1778951382200,42.06456366,-84.23826862000001
1778951382400,42.064554525,-84.23830627499999
1778951382600,42.06454853333334,-84.23833793333334
1778951382800,42.064543125,-84.238372775
1778951383000,42.0645357,-84.23841948
1778951383200,42.064529533333335,-84.23846199999998
1778951383400,42.06452524,-84.23850071999999
1778951383600,42.06452195,-84.23853977499999
1778951383800,42.064519725,-84.238570425
1778951384000,42.06451736666667,-84.23859543333333
1778951384200,42.064513375,-84.238618925
1778951384400,42.0645061,-84.23864269999999
1778951384600,42.06449464,-84.23866464
1778951384800,42.06448046666666,-84.2386786
1778951385000,42.06446700000001,-84.23868487499999
1778951385200,42.064451275,-84.238686425
1778951385400,42.06443505,-84.2386812
1778951385600,42.06441854,-84.238671
1778951385800,42.0644063,-84.2386559
1778951386000,42.06439595,-84.238635625
1778951386200,42.064383525,-84.23861022499999
1778951386400,42.064369975000005,-84.2385821
1778951386600,42.064353749999995,-84.238553075
1778951386800,42.06433228000001,-84.23851859999999
1778951387000,42.06431046666667,-84.23848806666666
1778951387200,42.0642889,-84.23846252499999
1778951387400,42.06425786,-84.23843004
1778951387600,42.064223424999994,-84.23839955
1778951387800,42.0641904,-84.238374875
1778951388000,42.064160566666665,-84.2383547
1778951388200,42.064132325,-84.23833859999999
1778951388400,42.064102274999996,-84.2383235
1778951388600,42.064074700000006,-84.2383119
1778951388800,42.06404492,-84.23830328
1778951389000,42.06401555,-84.23830065
1778951389200,42.063990375,-84.238303375
1778951389400,42.063969566666664,-84.23831033333333
1778951389600,42.063949325,-84.23832019999999
1778951389800,42.0639258,-84.238333775
1778951390000,42.06389992,-84.2383536
1778951390200,42.063877375,-84.238378125
1778951390400,42.0638634,-84.23840059999999
1778951390600,42.063852950000005,-84.238424025
1778951390800,42.063843825,-84.23845204999999
1778951391000,42.063838825,-84.238480775
1778951391200,42.063839625,-84.23850782499999
1778951391400,42.0638468,-84.23853964
1778951391600,42.063855024999995,-84.2385709
1778951391800,42.06385916666667,-84.23859653333334
1778951392000,42.063860325,-84.23862237499999
1778951392200,42.063855225000005,-84.23864889999999
1778951392400,42.063845040000004,-84.23867528000001
1778951392600,42.063835375,-84.23870282499999
1778951392800,42.063831625,-84.2387281
1778951393000,42.06383245,-84.23875072499999
1778951393200,42.06383755,-84.23877155
1778951393400,42.06384466666666,-84.23878739999999
1778951393600,42.063852274999995,-84.23880312499999
1778951393800,42.06385864,-84.23882655999998
1778951394000,42.06385866666667,-84.2388489
1778951394200,42.063854825,-84.23886625
1778951394400,42.063846975000004,-84.238883725
1778951394600,42.06383652,-84.23890378
1778951394800,42.063828275,-84.23892662499999
1778951395000,42.06382466666667,-84.23894536666667
1778951395200,42.0638236,-84.23896367500001
1778951395400,42.063826275,-84.23898439999999
1778951395600,42.06383186,-84.23901094
1778951395800,42.0638357,-84.239040775
1778951396000,42.0638363,-84.2390654
1778951396200,42.0638345,-84.239090875
1778951396400,42.06383045,-84.2391208
1778951396600,42.06382945,-84.23915029999999
1778951396800,42.063833360000004,-84.23918355999999
1778951397000,42.0638412,-84.239215125
1778951397200,42.0638487,-84.23924203333333
1778951397400,42.0638559,-84.23927085
1778951397600,42.063862799999995,-84.23930639999999
1778951397800,42.06386934,-84.23934894
1778951398000,42.063876566666664,-84.2393858
1778951398200,42.0638856,-84.239419575
1778951398400,42.0638986,-84.23946045
1778951398600,42.063913850000006,-84.239503175
1778951398800,42.063930625000005,-84.2395481
1778951399000,42.06394786,-84.23960112
1778951399200,42.06396253333333,-84.23964943333333
1778951399400,42.063975625,-84.239693125
1778951399600,42.06399294,-84.23975143999999
1778951399800,42.064011475,-84.239812325
1778951400000,42.0640289,-84.239867575
1778951400200,42.06404513333333,-84.23991603333333
1778951400400,42.064062225,-84.23996435
1778951400600,42.064082425,-84.2400217
1778951400800,42.06410355,-84.2400798
1778951401000,42.06412845999999,-84.24014512
1778951401200,42.064153425,-84.24020482499999
1778951401400,42.064173925,-84.2402529
1778951401600,42.06419076666667,-84.24029203333333
1778951401800,42.064206575,-84.24032879999999
1778951402000,42.06422425,-84.24036905
1778951402200,42.06424,-84.2404076
1778951402400,42.064251600000006,-84.2404464
1778951402600,42.064258725,-84.24048445
1778951402800,42.06426345,-84.24052212499998
1778951403000,42.06426958,-84.24056271999999
1778951403200,42.06427846666667,-84.24059799999999
1778951403400,42.064292640000005,-84.24063231999999
1778951403600,42.06431155,-84.240667375
1778951403800,42.06432806666667,-84.24069329999999
1778951404000,42.06434395,-84.240721225
1778951404200,42.064358225,-84.240755075
1778951404400,42.0643678,-84.240789475
1778951404600,42.06437225,-84.24082419999999
1778951404800,42.06437579999999,-84.24085715
1778951405000,42.064382460000004,-84.24088855999999
1778951405200,42.064390833333334,-84.24091133333333
1778951405400,42.064399425000005,-84.240925975
1778951405600,42.064412375,-84.24093875
1778951405800,42.064425449999995,-84.24095159999999
1778951406000,42.064434675,-84.24096995
1778951406200,42.06443994,-84.2409922
1778951406400,42.064440999999995,-84.24101326666666
1778951406600,42.064438725,-84.241031775
1778951406800,42.064431125,-84.2410527
1778951407000,42.06442027999999,-84.24107655999998
1778951407200,42.064408225,-84.241103375
1778951407400,42.06439885,-84.241130475
1778951407600,42.0643951,-84.24115426666667
1778951407800,42.064394125,-84.2411773
1778951408000,42.0643966,-84.2412016
1778951408200,42.064402550000004,-84.2412239
1778951408400,42.06441192,-84.24124606000001
1778951408600,42.064424366666664,-84.24126333333332
1778951408800,42.064442199999995,-84.24127598
1778951409000,42.06446066666667,-84.24128383333333
1778951409200,42.064480960000004,-84.24128707999999
1778951409400,42.06449953333333,-84.24128296666667
1778951409600,42.06451605,-84.24127455
1778951409800,42.064534349999995,-84.24126285
1778951410000,42.064549050000004,-84.241247225
1778951410200,42.06455995,-84.2412282
1778951410400,42.06456624,-84.241201
1778951410600,42.06456923333334,-84.24117476666667
1778951410800,42.0645721,-84.241151825
1778951411000,42.0645808,-84.24112196
1778951411200,42.06459296666666,-84.24109736666666
1778951411400,42.064606700000006,-84.241079
1778951411600,42.064625225,-84.2410622
1778951411800,42.06464642499999,-84.241050775
1778951412000,42.064669875,-84.2410409
1778951412200,42.064697375,-84.241036325
1778951412400,42.0647254,-84.24103044999998
1778951412600,42.064752750000004,-84.241019
1778951412800,42.06477735,-84.24100412499999
1778951413000,42.064797049999996,-84.24098307499999
1778951413200,42.0648164,-84.24095729999999
1778951413400,42.064836875,-84.240934275
1778951413600,42.064859325,-84.24091759999999
1778951413800,42.064883574999996,-84.24090792499999
1778951414000,42.06491352,-84.24090066
1778951414200,42.06494185,-84.2408868
1778951414400,42.06496096666667,-84.24087043333333
1778951414600,42.064977875,-84.24085045000001
1778951414800,42.064994925,-84.240824825
1778951415000,42.065008174999996,-84.240795225
1778951415200,42.06502444,-84.24076562
1778951415400,42.06504595,-84.24074037499999
1778951415600,42.06506426666667,-84.2407261
1778951415800,42.065084625,-84.2407152
1778951416000,42.065107375,-84.24069847499999
1778951416200,42.065126899999996,-84.240676775
1778951416400,42.06514245,-84.240650725
1778951416600,42.06515722,-84.24061701999999
1778951416800,42.065172133333334,-84.24058543333332
1778951417000,42.0651894,-84.240558775
1778951417200,42.0652111,-84.24052855
1778951417400,42.065237475,-84.24050162500001
1778951417600,42.0652688,-84.240477
1778951417800,42.065303,-84.24044727999998
1778951418000,42.065329866666666,-84.2404212
1778951418200,42.065350125,-84.24039647499998
1778951418400,42.0653698,-84.24036645
1778951418600,42.065385125,-84.240333775
1778951418800,42.065397600000004,-84.24029929999999
1778951419000,42.06540617500001,-84.2402609
1778951419200,42.065411624999996,-84.240219325
1778951419400,42.06541566,-84.24017174000001
1778951419600,42.065420825000004,-84.24012795
1778951419800,42.065428833333335,-84.24009776666666
1778951420000,42.065441575,-84.240072
1778951420200,42.0654617,-84.24004161999999
1778951420400,42.065485575,-84.240013225
1778951420600,42.06550586666666,-84.2399911
1778951420800,42.065525674999996,-84.239969025
1778951421000,42.065544949999996,-84.23994225
1778951421200,42.065558675,-84.2399141
1778951421400,42.06556948,-84.23987972
1778951421600,42.065575599999995,-84.23984609999998
1778951421800,42.065577525,-84.239813175
1778951422000,42.06557785,-84.239777175
1778951422200,42.06557685,-84.23974525
1778951422400,42.065576275000005,-84.2397166
1778951422600,42.065578825,-84.23969192499999
1778951422800,42.06558562,-84.23966706
1778951423000,42.0655969,-84.239648325
1778951423200,42.06560836666667,-84.23963789999999
1778951423400,42.065621325,-84.23963119999999
1778951423600,42.06563645,-84.239629075
1778951423800,42.0656518,-84.23963418000001
1778951424000,42.06566745,-84.239646625
1778951424200,42.06568335,-84.2396607
1778951424400,42.06570145,-84.239678175
1778951424600,42.0657193,-84.23969436666665
1778951424800,42.065739625000006,-84.23970957499999
1778951425000,42.065764825,-84.23972384999999
1778951425200,42.065791925,-84.23973445
1778951425400,42.06582205,-84.2397431
1778951425600,42.06585936,-84.2397509
1778951425800,42.06589905,-84.239758275
1778951426000,42.065931299999995,-84.23976586666666
1778951426200,42.065964025,-84.23977597499999
1778951426400,42.066006380000005,-84.23979273999998
1778951426600,42.0660459,-84.239810225
1778951426800,42.06607316666666,-84.23982533333333
1778951427000,42.066097325,-84.23984232499998
1778951427200,42.0661214,-84.239863925
1778951427400,42.066143520000004,-84.2398917
1778951427600,42.066161300000005,-84.239921
1778951427800,42.06617495,-84.2399449
1778951428000,42.066189566666665,-84.23996223333333
1778951428200,42.0662057,-84.23997567499998
1778951428400,42.066226,-84.23998805
1778951428600,42.066249075,-84.23999959999999
1778951428800,42.066272075,-84.2400157
1778951429000,42.066293200000004,-84.24003694999999
1778951429200,42.066310525,-84.24006295
1778951429400,42.06632626,-84.24009578
1778951429600,42.06634535,-84.24012454999999
1778951429800,42.0663628,-84.2401415
1778951430000,42.066381725,-84.24015407499999
1778951430200,42.06640405,-84.24016632499999
1778951430400,42.06642748,-84.24018713999999
1778951430600,42.06644433333333,-84.24021056666666
1778951430800,42.066455375,-84.240234675
1778951431000,42.066465525,-84.24026355
1778951431200,42.066477575,-84.240289975
1778951431400,42.066493,-84.240312125
1778951431600,42.06651155,-84.24033077499999
1778951431800,42.06653175,-84.240343825
1778951432000,42.066551775,-84.24035902499999
1778951432200,42.066569675,-84.24038009999998
1778951432400,42.06658462,-84.24040813999999
1778951432600,42.066594200000004,-84.2404353
1778951432800,42.066602950000004,-84.24045967500001
1778951433000,42.066616225,-84.24048587499999
1778951433200,42.066634025,-84.2405086
1778951433400,42.06665535,-84.24052714999999
1778951433600,42.066681499999994,-84.24054118000001
1778951433800,42.066712,-84.24055215
1778951434000,42.06673923333334,-84.24055836666666
1778951434200,42.066768225000004,-84.240562
1778951434400,42.06680435,-84.2405617
1778951434600,42.06684586000001,-84.24055306
1778951434800,42.06688775,-84.240537475
1778951435000,42.06692023333333,-84.240522
1778951435200,42.0669532,-84.24050419999999
1778951435400,42.066992025000005,-84.2404835
1778951435600,42.06703832,-84.24046228
1778951435800,42.067085925,-84.24044605
1778951436000,42.0671241,-84.24043689999999
1778951436200,42.067163525,-84.240431375
1778951436400,42.067210225,-84.240428075
1778951436600,42.067258175000006,-84.24042735
1778951436800,42.06730445,-84.240428875
1778951437000,42.067345225,-84.240431875
1778951437200,42.067383175,-84.240434825
1778951437400,42.067418124999996,-84.2404389
1778951437600,42.0674509,-84.24044302499999
1778951437800,42.067481625,-84.240446025
1778951438000,42.067510875,-84.24044472499999
1778951438200,42.0675435,-84.24043786
1778951438400,42.067572033333335,-84.2404268
1778951438600,42.06759652000001,-84.24040865999999
1778951438800,42.0676181,-84.24038663333333
1778951439000,42.067637475,-84.24036775
1778951439200,42.067661949999994,-84.240352925
1778951439400,42.0676885,-84.240343275
1778951439600,42.06771868,-84.24034008
1778951439800,42.06774753333333,-84.24034086666667
1778951440000,42.067775,-84.2403419
1778951440200,42.0678063,-84.240338025
1778951440400,42.06783825,-84.2403285
1778951440600,42.067869175,-84.24031182499999
1778951440800,42.067897724999995,-84.24028907499999
1778951441000,42.0679277,-84.24026297500001
1778951441200,42.067960424999995,-84.240238175
1778951441400,42.067994750000004,-84.24021752499999
1778951441600,42.06803155,-84.24020085
1778951441800,42.06806975000001,-84.240188475
1778951442000,42.068109074999995,-84.24017947499999